[
{"name":"初秋语•综合","url":"https://mirror.ghproxy.com/raw.githubusercontent.com/gaotianliuyun/gao/master/list.txt"},
{"name":"YanG•综合","url":"https://mirror.ghproxy.com/raw.githubusercontent.com/YanG-1989/m3u/main/Gather.m3u"},

{"name":"爬取好趣网","url":"https://github.moeyy.xyz/raw.githubusercontent.com/joevess/IPTV/main/sources/iptv_sources.m3u"},
{"name":"Yoursmile•综合","url":"https://agit.ai/Yoursmile7/TVBox/raw/branch/master/live.txt"},
{"name":"饭太硬•综合","url":"https://agit.ai/fantaiying/0/raw/branch/main/tvlive.txt"},

{"name":"俊于•综合","url":"http://home.jundie.top:81/Cat/tv/live.txt"},

{"name":"肥羊•斗鱼","url":"https://mirror.ghproxy.com/raw.githubusercontent.com/Ftindy/IPTV-URL/main/douyuyqk.m3u"},
{"name":"肥羊•虎牙","url":"https://mirror.ghproxy.com/raw.githubusercontent.com/Ftindy/IPTV-URL/main/huyayqk.m3u"},
{"name":"肥羊•YY","url":"https://mirror.ghproxy.com/raw.githubusercontent.com/Ftindy/IPTV-URL/main/yylunbo.m3u"},

{"name":"YuanHsing•油管","url":"https://mirror.ghproxy.com/raw.githubusercontent.com/YuanHsing/YouTube_to_m3u/main/youtube.m3u"}
]
