{

"规则名": "玩偶妹",

"规则作者": "",

"请求头参数": "手机",

"网页编码格式": "UTF-8",

"图片是否需要代理": "0",

"是否开启手动嗅探": "0",

"手动嗅探视频链接关键词": ".mp4#.m3u8#.flv",

"手动嗅探视频链接过滤词": ".html#=http",

"链接是否直接播放": "0",

"直接播放链接加前缀": "",

"直接播放链接加后缀": "#isVideo=true#",

"直接播放直链视频请求头": "",


    
"是否开启获取首页数据": "1",

"首页推荐链接": "https://aliz.lvdoui.top",

"首页列表数组规则": "body&&.module-items",

"首页片单列表数组规则": ".module-item",

"首页片单是否Jsoup写法": "1",

"首页片单图片": "",
  
"首页片单标题": "",

"首页片单副标题":"",
  
"首页片单链接": "",
   
"首页片单链接加前缀": "",
   
"首页片单链接加后缀": "",



"分类起始页码": "1",

"分类链接": "https://aliz.lvdoui.top/index.php/vod/show/area/{area}/by/{by}/class/{class}/id/{cateId}/lang/{lang}/page/{catePg}/year/{year}.html",

"分类名称": "电影&国产剧&韩剧&美剧&综艺&动漫&纪录",

"分类名称替换词": "1&2&21&22&3&4&20",



"分类截取模式": "1",

"分类Json数据二次截取":"",

"分类列表数组规则": ".module-items&&.module-item",

"分类片单是否Jsoup写法": "1",

"分类片单图片": "img&&data-src",

"分类片单标题": "a&&title",

"分类片单副标题": ".module-item-text&&Text",

"分类片单链接": "a&&href",

"分类片单链接加前缀": "https://aliz.lvdoui.top",

"分类片单链接加后缀": "",


    
"线路列表数组规则": ".module-player-tab&&.module-tab-item",

"线路标题": "'🐾'+span&&Text",



"播放列表数组规则": "body&&.module-player-list",

"选集列表数组规则": "a[href^=https://www.ali]",

"选集标题链接是否Jsoup写法": "1",

"选集标题": "a&&title",

"选集链接": "a&&href",

"是否反转选集序列": "否",

"选集链接加前缀": "",

"选集链接加后缀": "",

"分析MacPlayer": "1",


    
"详情是否Jsoup写法": "1",

"类型详情": ".tag-link,1&&Text",

"年代详情": ".tag-link,2&&Text",

"地区详情": ".tag-link,3&&Text",

"演员详情": ".video-info-items:matches(主演)&&Text!主演：",

"简介详情": "'sqjj_a&&Text![收起部分]",



"搜索请求头参数": "User-Agent$手机",

"搜索链接": "https://aliz.lvdoui.top/index.php/vod/search/page/{SearchPg}/wd/{wd}.html",

"POST请求数据": "",

"搜索截取模式": "1",

"搜索列表数组规则": ".module-items&&.module-search-item",

"搜索片单是否Jsoup写法": "1",

"搜索片单图片": "img&&data-src",

"搜索片单标题": ".video-serial&&title",

"搜索片单副标题": ".video-serial&&Text",

"搜索片单链接": ".video-serial&&href",

"搜索片单链接加前缀": "https://aliz.lvdoui.top",

"搜索片单链接加后缀": "",



"筛选数据": "ext",

"筛选子分类名称": "",

"筛选子分类替换词": "*",

"筛选类型名称": "剧情&喜剧&动作&爱情&惊悚&犯罪&悬疑&战争&科幻&动画&恐怖&家庭&传记&冒险&奇幻&武侠&历史&运动&歌舞&音乐&纪录&伦理&西部||剧情&喜剧&动作&爱情&惊悚&犯罪&悬疑&战争&科幻&动画&恐怖&家庭&传记&冒险&奇幻&武侠&历史&运动&歌舞&音乐&纪录&伦理&西部||剧情&喜剧&动作&爱情&惊悚&犯罪&悬疑&战争&科幻&动画&恐怖&家庭&传记&冒险&奇幻&武侠&历史&运动&歌舞&音乐&纪录&伦理&西部||剧情&喜剧&动作&爱情&惊悚&犯罪&悬疑&战争&科幻&动画&恐怖&家庭&传记&冒险&奇幻&武侠&历史&运动&歌舞&音乐&纪录&伦理&西部||游戏&脱口秀&音乐舞台&情感&生活&职场&喜剧&美食&潮流运动&竞技&影视&电竞&推理&访谈&亲子&文化&互动&晚会&资讯||冒险&战斗&搞笑&经典&科幻&玄幻&魔幻&武侠&恋爱&推理&腾讯出品&日常&校园&悬疑&真人&历史&竞技&其他||空",

"筛选类型替换词": "*",

"筛选地区名称": "中国大陆&香港&台湾&美国&日本&韩国&泰国&印度&英国&法国&德国&加拿大&西班牙&意大利&澳大利亚&其它||中国大陆&香港&台湾&美国&日本&韩国&泰国&印度&英国&法国&德国&加拿大&西班牙&意大利&澳大利亚&其它||韩国||美国&法国&英国&德国&泰国&印度&意大利&西班牙&加拿大&其他||中国大陆&海外||中国大陆&日本&欧美&其他||中国大陆&香港&台湾&美国&日本&韩国&泰国&印度&英国&法国&德国&加拿大&西班牙&意大利&澳大利亚&其它",

"筛选地区替换词": "*",

"筛选年份名称": "2024&2023&2022&2021&2020&2019&2018&2017&2016&2015&2014&2013&2012&2011&2010",

"筛选年份替换词": "*",

"筛选语言名称": "国语&英语&粤语&闽南语&韩语&日语&法语&德语&其它||国语&英语&粤语&闽南语&韩语&日语&法语&德语&其它||韩语||英语&法语&德语&其它||国语&英语&粤语&闽南语&韩语&日语&其它||国语&英语&粤语&闽南语&韩语&日语&其它||空",

"筛选语言替换词": "*",

"筛选排序名称": "时间&人气&评分",

"筛选排序替换词": "time&hits&score"

}
