{ "cookie": " buvid3=8B57D3BA-607A-1E85-018A-E8C430023CED42659infoc; b_lsid=BEB8EE7F_18742FF8C2E; bsource=search_baidu; _uuid=DE810E367-B52C-AF6E-A612-EDF4C31567F358591infoc; b_nut=100; buvid_fp=711a632b5c876fa8bbcf668c1efba551; SESSDATA=7624af93%2C1696008331%2C862c8%2A42; bili_jct=141a474ef3ce8cf2fedf384e68f6625d; DedeUserID=3493271303096985; DedeUserID__ckMd5=212a836c164605b7; sid=5h4ruv6o; buvid4=978E9208-13DA-F87A-3DC0-0B8EDF46E80434329-123040301-dWliG5BMrUb70r3g583u7w%3D%3D",
    "filter": {
        "dianshiju": [
            {
                "name": "类型",
                "value": [
                    {
                        "v": "",
                        "n": "全部"
                    },
                    {
                        "v": "yanqing",
                        "n": "言情"
                    },
                    {
                        "v": "ouxiang",
                        "n": "偶像"
                    },
                    {
                        "v": "dushi",
                        "n": "都市"
                    },
                    {
                        "v": "zhanzheng",
                        "n": "战争"
                    },
                    {
                        "v": "xuanyi",
                        "n": "悬疑"
                    },
                    {
                        "v": "lunli",
                        "n": "伦理"
                    },
                    {
                        "v": "jingsong",
                        "n": "惊悚"
                    },
                    {
                        "v": "wangluoju",
                        "n": "网络剧"
                    },
                    {
                        "v": "jingfei",
                        "n": "警匪"
                    },
                    {
                        "v": "guzhuang",
                        "n": "古装"
                    },
                    {
                        "v": "wuxia",
                        "n": "武侠"
                    },
                    {
                        "v": "shenhua",
                        "n": "神话"
                    },
                    {
                        "v": "lishi",
                        "n": "历史"
                    },
                    {
                        "v": "dongzuo",
                        "n": "动作"
                    },
                    {
                        "v": "diezhan",
                        "n": "谍战"
                    },
                    {
                        "v": "xiju",
                        "n": "喜剧"
                    },
                    {
                        "v": "kangri",
                        "n": "抗日"
                    },
                    {
                        "v": "jiating",
                        "n": "家庭"
                    },
                    {
                        "v": "juqing",
                        "n": "剧情"
                    },
                    {
                        "v": "lizhi",
                        "n": "励志"
                    },
                    {
                        "v": "nongcun",
                        "n": "农村"
                    },
                    {
                        "v": "kehuan",
                        "n": "科幻"
                    },
                    {
                        "v": "junlv",
                        "n": "军旅"
                    },
                    {
                        "v": "qihuan",
                        "n": "奇幻"
                    },
                    {
                        "v": "qita",
                        "n": "其它"
                    }
                ],
                "key": "type"
            },
            {
                "name": "地区",
                "value": [
                    {
                        "v": "",
                        "n": "全部"
                    },
                    {
                        "v": "neidi",
                        "n": "内地"
                    },
                    {
                        "v": "taiwan",
                        "n": "台湾"
                    },
                    {
                        "v": "xianggang",
                        "n": "香港"
                    },
                    {
                        "v": "hanguo",
                        "n": "韩国"
                    },
                    {
                        "v": "meiguo",
                        "n": "美国"
                    },
                    {
                        "v": "taiguo",
                        "n": "泰国"
                    },
                    {
                        "v": "riben",
                        "n": "日本"
                    },
                    {
                        "v": "yingguo",
                        "n": "英国"
                    },
                    {
                        "v": "xinjiapo",
                        "n": "新加坡"
                    },
                    {
                        "v": "qita",
                        "n": "其它"
                    }
                ],
                "key": "area"
            },
            {
                "name": "年份",
                "value": [
                    {
                        "v": "",
                        "n": "全部"
                    },
                    {
                        "v": "2022",
                        "n": "2022"
                    },
                    {
                        "v": "2021",
                        "n": "2021"
                    },
                    {
                        "v": "2020",
                        "n": "2020"
                    },
                    {
                        "v": "2019",
                        "n": "2019"
                    },
                    {
                        "v": "2018",
                        "n": "2018"
                    },
                    {
                        "v": "2017",
                        "n": "2017"
                    },
                    {
                        "v": "2016",
                        "n": "2016"
                    },
                    {
                        "v": "2015",
                        "n": "2015"
                    },
                    {
                        "v": "2014",
                        "n": "2014"
                    },
                    {
                        "v": "2013",
                        "n": "2013"
                    },
                    {
                        "v": "2012",
                        "n": "2012"
                    },
                    {
                        "v": "2011",
                        "n": "2011"
                    },
                    {
                        "v": "20102000",
                        "n": "2010-2000"
                    },
                    {
                        "v": "19991990",
                        "n": "90年代"
                    },
                    {
                        "v": "19891800",
                        "n": "更早"
                    }
                ],
                "key": "year"
            }
        ],
        "zongyi": [
            {
                "name": "类型",
                "value": [
                    {
                        "v": "",
                        "n": "全部"
                    },
                    {
                        "v": "lxxuanxiu/",
                        "n": "选秀"
                    },
                    {
                        "v": "lxqinggan/",
                        "n": "情感"
                    },
                    {
                        "v": "lxfangtan/",
                        "n": "访谈"
                    },
                    {
                        "v": "lxgaoxiao/",
                        "n": "搞笑"
                    },
                    {
                        "v": "lxyouxi/",
                        "n": "游戏"
                    },
                    {
                        "v": "lxzhichang/",
                        "n": "职场"
                    },
                    {
                        "v": "lxyule/",
                        "n": "娱乐"
                    },
                    {
                        "v": "lxzhenrenxiu/",
                        "n": "真人秀"
                    },
                    {
                        "v": "lxshenghuo/",
                        "n": "生活"
                    },
                    {
                        "v": "lxtiyu/",
                        "n": "体育"
                    },
                    {
                        "v": "lxshenghui/",
                        "n": "盛会"
                    },
                    {
                        "v": "lxcaijing/",
                        "n": "财经"
                    },
                    {
                        "v": "lxqinzi/",
                        "n": "亲子"
                    },
                    {
                        "v": "lxjishi/",
                        "n": "纪实"
                    },
                    {
                        "v": "lxtuokouxiu/",
                        "n": "脱口秀"
                    },
                    {
                        "v": "lxwangluojiemu/",
                        "n": "网络节目"
                    },
                    {
                        "v": "lxmeishi/",
                        "n": "美食"
                    }
                ],
                "key": "type"
            },
            {
                "name": "地区",
                "value": [
                    {
                        "v": "",
                        "n": "全部"
                    },
                    {
                        "v": "dqdalu/",
                        "n": "大陆"
                    },
                    {
                        "v": "dqgangtai/",
                        "n": "港台"
                    },
                    {
                        "v": "dqrihan/",
                        "n": "日韩"
                    },
                    {
                        "v": "dqoumei/",
                        "n": "欧美"
                    },
                    {
                        "v": "dqqita/",
                        "n": "其他"
                    }
                ],
                "key": "area"
            }
        ],
        "dongman": [
            {
                "name": "类型",
                "value": [
                    {
                        "v": "",
                        "n": "全部"
                    },
                    {
                        "v": "lxrexue/",
                        "n": "热血"
                    },
                    {
                        "v": "lxaiqing/",
                        "n": "爱情"
                    },
                    {
                        "v": "lxgaoxiao/",
                        "n": "搞笑"
                    },
                    {
                        "v": "lxmeinv/",
                        "n": "美女"
                    },
                    {
                        "v": "lxshaoer/",
                        "n": "少儿"
                    },
                    {
                        "v": "lxqinzi/",
                        "n": "亲子"
                    },
                    {
                        "v": "lxmofa/",
                        "n": "魔法"
                    },
                    {
                        "v": "lxyundong/",
                        "n": "运动"
                    },
                    {
                        "v": "lxjizhan/",
                        "n": "机战"
                    },
                    {
                        "v": "lxkehuan/",
                        "n": "科幻"
                    },
                    {
                        "v": "lxxiaoyuan/",
                        "n": "校园"
                    },
                    {
                        "v": "lxdongwu/",
                        "n": "动物"
                    },
                    {
                        "v": "lxmaoxian/",
                        "n": "冒险"
                    },
                    {
                        "v": "lxshenhua/",
                        "n": "神话"
                    },
                    {
                        "v": "lxtuili/",
                        "n": "推理"
                    },
                    {
                        "v": "lxjuqing/",
                        "n": "剧情"
                    },
                    {
                        "v": "lxlishi/",
                        "n": "历史"
                    },
                    {
                        "v": "lxzhanzheng/",
                        "n": "战争"
                    },
                    {
                        "v": "lxjingdian/",
                        "n": "经典"
                    },
                    {
                        "v": "lxnanxingxiang/",
                        "n": "男性向"
                    },
                    {
                        "v": "lxnvxingxiang/",
                        "n": "女性向"
                    }
                ],
                "key": "type"
            },
            {
                "name": "地区",
                "value": [
                    {
                        "v": "",
                        "n": "全部"
                    },
                    {
                        "v": "dqdalu/",
                        "n": "大陆"
                    },
                    {
                        "v": "dqriben/",
                        "n": "日本"
                    },
                    {
                        "v": "dqmeiguo/",
                        "n": "美国"
                    },
                    {
                        "v": "dqhanguo/",
                        "n": "韩国"
                    },
                    {
                        "v": "dqqita/",
                        "n": "其他"
                    }
                ],
                "key": "area"
            },
            {
                "name": "年份",
                "value": [
                    {
                        "v": "",
                        "n": "全部"
                    },
                    {
                        "v": "nd2022/",
                        "n": "2022"
                    },
                    {
                        "v": "nd2021/",
                        "n": "2021"
                    },
                    {
                        "v": "nd2020/",
                        "n": "2020"
                    },
                    {
                        "v": "nd2019/",
                        "n": "2019"
                    },
                    {
                        "v": "nd2018/",
                        "n": "2018"
                    },
                    {
                        "v": "nd2017/",
                        "n": "2017"
                    },
                    {
                        "v": "nd2016/",
                        "n": "2016"
                    },
                    {
                        "v": "nd2015/",
                        "n": "2015"
                    },
                    {
                        "v": "nd2014/",
                        "n": "2014"
                    },
                    {
                        "v": "nd2013/",
                        "n": "2013"
                    },
                    {
                        "v": "nd2012/",
                        "n": "2012"
                    },
                    {
                        "v": "nd2011/",
                        "n": "2011"
                    },
                    {
                        "v": "nd20102000/",
                        "n": "2010-2000"
                    },
                    {
                        "v": "nd19991800/",
                        "n": "更早"
                    }
                ],
                "key": "year"
            }
        ],
        "dianying": [
            {
                "name": "类型",
                "value": [
                    {
                        "v": "",
                        "n": "全部"
                    },
                    {
                        "v": "aiqing",
                        "n": "爱情"
                    },
                    {
                        "v": "dongzuo",
                        "n": "动作"
                    },
                    {
                        "v": "xiju",
                        "n": "喜剧"
                    },
                    {
                        "v": "zhanzheng",
                        "n": "战争"
                    },
                    {
                        "v": "kehuan",
                        "n": "科幻"
                    },
                    {
                        "v": "juqing",
                        "n": "剧情"
                    },
                    {
                        "v": "wuxia",
                        "n": "武侠"
                    },
                    {
                        "v": "maoxian",
                        "n": "冒险"
                    },
                    {
                        "v": "qiangzhan",
                        "n": "枪战"
                    },
                    {
                        "v": "kongbu",
                        "n": "恐怖"
                    },
                    {
                        "v": "xuanyi",
                        "n": "悬疑"
                    },
                    {
                        "v": "fanzui",
                        "n": "犯罪"
                    },
                    {
                        "v": "qihuan",
                        "n": "奇幻"
                    },
                    {
                        "v": "donghua",
                        "n": "动画"
                    },
                    {
                        "v": "jingsong",
                        "n": "惊悚"
                    },
                    {
                        "v": "jingdian",
                        "n": "经典"
                    },
                    {
                        "v": "qingchun",
                        "n": "青春"
                    },
                    {
                        "v": "wenyi",
                        "n": "文艺"
                    },
                    {
                        "v": "weidianying",
                        "n": "微电影"
                    },
                    {
                        "v": "guzhuang",
                        "n": "古装"
                    },
                    {
                        "v": "lishi",
                        "n": "历史"
                    },
                    {
                        "v": "yundong",
                        "n": "运动"
                    },
                    {
                        "v": "nongcun",
                        "n": "农村"
                    },
                    {
                        "v": "ertong",
                        "n": "儿童"
                    },
                    {
                        "v": "wangluodianying",
                        "n": "网络电影"
                    },
                    {
                        "v": "qita",
                        "n": "其它"
                    }
                ],
                "key": "type"
            },
            {
                "name": "地区",
                "value": [
                    {
                        "v": "",
                        "n": "全部"
                    },
                    {
                        "v": "neidi",
                        "n": "内地"
                    },
                    {
                        "v": "meiguo",
                        "n": "美国"
                    },
                    {
                        "v": "xianggang",
                        "n": "香港"
                    },
                    {
                        "v": "taiwan",
                        "n": "台湾"
                    },
                    {
                        "v": "riben",
                        "n": "日本"
                    },
                    {
                        "v": "taiguo",
                        "n": "泰国"
                    },
                    {
                        "v": "yindu",
                        "n": "印度"
                    },
                    {
                        "v": "dongnanyadiqu",
                        "n": "东南亚地区"
                    },
                    {
                        "v": "oumeidiqu",
                        "n": "欧美地区"
                    },
                    {
                        "v": "qita",
                        "n": "其它"
                    }
                ],
                "key": "area"
            },
            {
                "name": "年份",
                "value": [
                    {
                        "v": "",
                        "n": "全部"
                    },
                    {
                        "v": "2022",
                        "n": "2022"
                    },
                    {
                        "v": "2021",
                        "n": "2021"
                    },
                    {
                        "v": "2020",
                        "n": "2020"
                    },
                    {
                        "v": "2019",
                        "n": "2019"
                    },
                    {
                        "v": "2018",
                        "n": "2018"
                    },
                    {
                        "v": "2017",
                        "n": "2017"
                    },
                    {
                        "v": "2016",
                        "n": "2016"
                    },
                    {
                        "v": "2015",
                        "n": "2015"
                    },
                    {
                        "v": "2014",
                        "n": "2014"
                    },
                    {
                        "v": "2013",
                        "n": "2013"
                    },
                    {
                        "v": "2012",
                        "n": "2012"
                    },
                    {
                        "v": "2011",
                        "n": "2011"
                    },
                    {
                        "v": "20102000",
                        "n": "2010-2000"
                    },
                    {
                        "v": "19691800",
                        "n": "更早"
                    }
                ],
                "key": "year"
            }
        ]
    },
    
    "classes": [
        {
            "type_name": "电影",
            "type_id": "dianying"
        },
        
        {
            "type_name": "电视剧",
            "type_id": "dianshiju"
        },
        {
            "type_name": "综艺",
            "type_id": "zongyi"
        },
        
        
          {
            "type_name": "热播电影",
            "type_id": "jingdian"
        },
        
        
        
        
        
        
        
        {
            "type_name": "动漫",
            "type_id": "dongman"
        }
    ]
}