{ "classes": [ 
{ "type_name": "儿童早教", "type_id": "儿童早教" },
 { "type_name": "儿童启蒙故事", "type_id": "儿童启蒙故事" },
 { "type_name": "儿童英语启蒙", "type_id": "儿童英语启蒙" }, 
{ "type_name": "儿童歌曲", "type_id": "儿童歌曲" },
 { "type_name": "儿童绘画", "type_id": "儿童绘画" }, 
{ "type_name": "睡前故事", "type_id": "睡前故事" },
 { "type_name": "儿童动画", "type_id": "儿童动画" },
 { "type_name": "儿童音乐", "type_id": "儿童音乐" }, 
{ "type_name": "儿童安全教育", "type_id": "儿童安全教育" },
 { "type_name": "贝瓦儿歌", "type_id": "贝瓦儿歌" }, 
{ "type_name": "悟空识字", "type_id": "悟空识字" }, 
{ "type_name": "宝宝巴士", "type_id": "宝宝巴士" },
 { "type_name": "儿歌多多", "type_id": "儿歌多多" },
 { "type_name": "学而思", "type_id": "学而思" }
 ],
  "filter":{
         "儿童动画": [
{"key": "order","name": "排序","value": [
{"n": "综合排序","v": "0"},
{"n": "最多点击","v": "click"},
{"n": "最新发布","v": "pubdate"},
{"n": "最多弹幕","v": "dm"},
{"n": "最多收藏","v": "stow"}
]
},
   {"key": "tid","name": "分类","value": [
        {"n": "全部","v": "儿童动画"},
          {"n": "宝宝巴士","v": "宝宝巴士动画"},
          {"n": "汪汪队","v": "汪汪队动画"},
          {"n": "小猪佩奇", "v": "小猪佩奇动画"},
          {"n": "国产动画","v": "国产动画" },
          {"n": "迪士尼动画","v": "迪士尼动画"}
          ]},

{"key": "duration","name": "时长","value": [
{"n": "全部时长","v": "0"},
{"n": "60分钟以上","v": "4"},
{"n": "30~60分钟","v": "3"},
{"n": "10~30分钟","v": "2"},
{"n": "10分钟以下","v": "1"}

]}]
}}