{
    "title": "斗鱼直播",
    "author": "聆听优美旋律",
    "UserAgent": "MOBILE_UA",
    "Referer": "",
    "homeContent": "0",
    "firstpage": "1",
    "class_url": "https://m.douyu.com/api/room/list?page={catePg}&type={cateId}",
    "class_name": "英雄联盟&王者荣耀&LOL手游&主机游戏&热门游戏&和平精英&刺客信条:英灵殿&暗区突围&穿越火线&幻塔&火影忍者&CFHD&使命召唤&COD手游&哈利波特：魔法觉醒&lol电竞经理&DNF手游&金铲铲之战&天刀手游&原神&航海王热血航线&万国觉醒&马里奥制造&鸿图之下&DNF&欢乐麻将&逃离塔科夫&DOTA2&王者模拟战&炉石传说&二次元&中国象棋&命运2&CS:GO&天谕手游&一起看&巅峰坦克&新游中心&墲人之境&VALORANT&lol云顶之弈&颜值（横屏）&音乐&热门手游&APEX手游&EvilDead&AmongUs&魔兽争霸&户外&梦幻手游&恐怖游戏&魔兽怀旧服&QQ飞车&荒野大镖客&九劫曲&自走棋&美食&第五人格&欢乐斗地主&荒野乱斗&灵魂筹码&传奇&原创IP&互动交友&跑跑卡丁车&阴阳师&骑马与砍杀&网易游戏&星际争霸&音遇恋人&狼人杀&只狼&格斗游戏&舞蹈&JJ斗地主&街霸对决&人类跌落梦境&机动都市阿尔法&一人之下&饥荒&全境封锁&怀旧游戏&趣生活&多多自走棋&战地风云&隐形守护者&守望先锋&电台新声&崩坏3&ATLAS&DOTA&娱乐推荐&风云岛行动&进击的巨人&魔兽世界&云游戏&NBA2K&八方旅人&跑跑手游&血污：夜之仪式&剑网3&率土之滨&人类一败涂地&我的世界&灌篮高手&挺进地牢&超激斗梦境&冒险岛&三国杀&环世界&梦幻西游&皇室战争&古墓丽影&天涯明月刀&王牌战士&街头篮球&颜值&战歌竞技场&波西亚时光&NBA2KOL2&忍者必须死3&鬼泣&QQ飞车端游&神武4手游&战地之王&军事游戏&梦幻模拟战&往日不再&文化&棋牌娱乐&实况足球&仙剑奇侠传&企鹅直播&FIFAONLINE4&剑与远征&神秘海域&热门网游&航海王：燃烧意志&诛仙世界&千古风流&塞尔达系列&数码科技&APEX&百闻牌&僵尸世界大战&社会人文&流放之路POE&球球大作战&汽车&剑网3缘起&逆水寒&英雄杀&足球游戏&科普&风暴英雄&魔域口袋版&橙光&逆战&梦幻三维版&莎木&纪录片&口袋新旅程&圣歌&斗鱼购物&坦克世界&战舰世界&巫师之昆特牌&了不起的修仙模拟器&成年教育&反恐精英Online&剑网3：指尖江湖&女神异闻录&星星点灯&暗黑破坏神3&部落冲突&剑与家园&斯普拉遁&梦三国2&新笑傲江湖&超级马里奥&校园&传奇世界&猫和老鼠&三国志系列&方舟：生存进化&猎人手游&星际公民&刀塔霸业&明日之后&最终幻想&神武4电脑版&影之诗&中土世界：战争之影&群雄逐鹿&流放者柯南&堡垒之夜&决战平安京",
    "class_value": "LOL&wzry&LOLM&TVgame&rmyx&hpjy&AC&aqtw&CF&ht&hyrz&CFHD&COD&smzhsy&HarryPotter&EGAME&mdnf&JGAME&tdsy&yuanshen&HHWRXHX&wgjx&Mario&htzx&DNF&HLMJ&EFT&DOTA2&wzrpg&How&ecy&ZGXQ&MY2&CSGO&tysy&yqk&DFTK&xyzx&wu&VALORANT&ydzhy&XX&music&phone&APEXM&EvilDead&AmongUs&mszb&HW&mhxy&Horror&wowclassic&qqfcsy&hydbk&jjq&dota2rpg&ms&dwrg&hlddz&hyld&lhcm&cq&ip&jyhd&Popkart&yys&qmyks&wyyx&SC&yinyu&LRS&ZL&FTG&dance&jj&jbdj&rlybtdsjb&jddsaef&yrzx&DontStarve&qjfs&classic&QSH&zzq&BF&yxshz&Overwatch&dtxs&bhxl&ATLAS&DOTA&yltj&fydxd&AoT&WOW&cloudgame&NBA2K&OT&PPKDCSY&Blood&JX3&stzb&Human&MC&glgs&Enter&cjdmj&g_mxd1&sanguosha&RimWorld&MHXYOL&hszz&gmly&tianya&wpzs&jtlq&yz&ChessRush&bxysg&NBA2KOL2&rzbxs3&DMC&qqfcdy&sw3&AVA&jsyx&mhmnz&WRBZ&wh&qipai&skzq&PAL&qezb&FOL4&jyyz&Uncharted&rmwy&hhwrsyz&zxsj&qgflpc&TLoZ&smkj&APEX&BWP&WWZ&shrw&PathofExile&qqdzz&car&JW3YQ&nsh&yxs&zq&kepu&HOTS&mykdb&cg&NZ&MHXX3D&Shenmue&jlp&KDXLC&sg&DYGW&TKSJ&wfws&wszktp&ACS&jiaoyu&CS&jw3zjjh&P5&xxdd&DIABLO3&blct&jyjy&Splatoon&msg2&xxajh&SMO&xy&cqsj&mhls&Sangokushi&fzscjh&lrlr&StarCitizen&DotaUnderlords&mrzh&FF&swdnb&yzs&MiddleEarth&qxzl&Conan&blzy&jzpaj",
    "filterdata": [],
    "cat_mode": "0",
    "catjsonlist": "data.list",
    "catjsonpic": "roomSrc",
    "catjsonname": "roomName",
    "catjsonid": "rid",
    "catjsonstitle": "nickname",
    "cat_prefix": "",
    "cat_suffix": "",
    "search_url": "https://m.douyu.com/api/search/liveRoom;post",
    "sea_PtBody": {
        "sk": "{wd}",
        "offset": 0,
        "limit": 20,
        "did": "bf1f5579c0b2f6066af0bee200051531"
    },
    "search_mode": "0",
    "jsonlist": "data.list",
    "jsonpic": "roomSrc",
    "jsonname": "roomName",
    "jsonid": "roomId",
    "jsonstitle": "nickname",
    "search_prefix": "",
    "search_suffix": "",
    "sea_subtitle": "",
    "force_play": "1",
    "play_prefix": "https://m.douyu.com/",
    "play_suffix": "",
    "play_header": "",
    "Anal_MacPlayer": "0",
    "ManualSniffer": "0",
    "VideoFormat": ".mp4#.m3u8#.flv",
    "VideoFilter": ".html#=http"
}