{
    "title": "花猫TV",
    "author": "香雅情",
    "UserAgent":"Mozilla/5.0 (Linux; Android 11; Mi 10 Pro) AppleWebKit/537.36 (KHTML, like Gecko) Chrome/88.0.4324.152 Mobile Safari/537.36",
    "Referer":"",
    "SUserAgent":"User-Agent$MOBILE_UA",
    "homeContent":"0",
    "firstpage": "1",
    "class_url": "http://www.huamaotv.com/list/{cateId}_{catePg}_desc__0_0___.html",
    "class_name": "电影&电视剧&综艺&动漫",
    "class_value": "1&2&3&4",
    "filterdata":"",
    "cat_YN_twice": "1",
    "cat_twice_pre": "class=\"stui-vodlist clearfix",
    "cat_twice_suf": "/ul>",
    "cat_arr_pre": "<li",
    "cat_arr_suf": "/li>",
    "cat_pic": "original=\"&&\"",
    "cat_title": "title=\"&&\"",
    "cat_subtitle": "pic-text\">&&<",
    "cat_url": "href=\"&&\"",
    "cat_prefix": "http://www.huamaotv.com",
    "cat_suffix": "",
    "search_url": "http://www.huamaotv.com/index.php?m=vod-search;post",
    "sea_PtBody":"wd={wd}&submit=",
    "search_mode": "1",
    "jsonpic": "pic",
    "jsonname": "name",
    "jsonid": "id",
    "jsonstitle":"",
    "sea_YN_twice": "1",
    "sea_twice_pre": "class=\"stui-vodlist clearfix",
    "sea_twice_suf": "/ul>",
    "sea_arr_pre": "<li",
    "sea_arr_suf": "/li>",
    "sea_pic": "data-original=\"&&\"",
    "sea_title": "title=\"&&\"",
    "sea_url": "href=\"&&\"",
    "search_prefix": "http://www.huamaotv.com",
    "search_suffix": "",
    "sea_subtitle": "pic-text\">&&<",
    "force_play": "0",
    "play_prefix": "空",
    "play_suffix": "空",
    "play_header": "空",
    "proj_actor": "主演：</span>&&</p>",
    "proj_plot": "简介：</span>&&</p>",
    "tab_YN_twice": "0",
    "tab_twice_pre": "",
    "tab_twice_suf": "",
    "tab_arr_pre": "class=\"stui-pannel__head clearfix",
    "tab_arr_suf": "</div>",
    "tab_title": "title\">&&<",
    "list_YN_twice": "0",
    "list_twice_pre": "空",
    "list_twice_suf": "空",
    "list_arr_pre": "class=\"stui-content__playlist",
    "list_arr_suf": "</ul>",
    "epi_YN_twice": "0",
    "epi_twice_pre": "空",
    "epi_twice_suf": "空",
    "epi_arr_pre": "<a",
    "epi_arr_suf": "/a>",
    "epi_title": ">&&<",
    "epi_url": "href=\"&&\"",
    "epi_reverse": "1",
    "epiurl_prefix": "http://www.huamaotv.com",
    "epiurl_suffix": "",
    "Anal_MacPlayer":"2"
    
}