{ "storeHouse": [
 
{ "sourceName": "网络名家", "sourceUrl": "https://play.iptv365.org/tvbox.txt" }, 
{ "sourceName": "拾光单仓", "sourceUrl": "http://xmbjm.fh4u.org/dc.txt"},
{ "sourceName": "github-231006单仓", "sourceUrl": "https://gh-proxy.com/https://raw.githubusercontent.com/adminouyang/231006/main/tvbox/%E5%BD%B1%E8%A7%86%E7%BA%BF%E8%B7%AF.txt" },
{ "sourceName": "github-高天流云单仓", "sourceUrl": "https://gh-proxy.com/https://raw.githubusercontent.com/adminouyang/231006/main/tvbox/gao/gao.txt"}] }
